Status,Match_addr,X,Y,id,ticketnum,date_,year_,unit,unitdesc,violation,violationd,license,licstate,lictype,orig_address,address,city,state,zip
T,"1017 W WASHINGTON BLVD, CHICAGO, IL 60607",-87.664172,41.883561,262,50295239,6/12/06 0:00,2006,12,CPD,940060,PARK/STAND ON BICYCLE PATH,4467441,IL,PAS,1017 W WASHINGTON,1017 W WASHINGTON,Chicago,IL, 
T,"1017 W WASHINGTON BLVD, CHICAGO, IL 60607",-87.664172,41.883561,2493,54200414,4/23/08 0:00,2008,216,CPD,940060,PARK/STAND ON BICYCLE PATH,7631647,IL,PAS,1017 W WASHINGTON,1017 W WASHINGTON,Chicago,IL, 
T,"1017 W WASHINGTON BLVD, CHICAGO, IL 60607",-87.664172,41.883561,4874,58501833,10/7/10 0:00,2010,12,CPD,940060,PARK/STAND ON BICYCLE PATH,0,IL,PAS,1017 W WASHINGTON,1017 W WASHINGTON,Chicago,IL, 
T,"1019 W WASHINGTON BLVD, CHICAGO, IL 60607",-87.664178,41.883555,764,52681783,8/27/07 0:00,2007,12,CPD,940060,PARK/STAND ON BICYCLE PATH,0,IL,PAS,1019 W WASHINGTON,1019 W WASHINGTON,Chicago,IL, 
T,"1029 W WASHINGTON BLVD, CHICAGO, IL 60607",-87.664209,41.883525,4841,58260933,4/28/10 0:00,2010,12,CPD,940060,PARK/STAND ON BICYCLE PATH,0,IL,TXI,1029 W WASHINGTON,1029 W WASHINGTON,Chicago,IL, 
T,"1033 W WASHINGTON BLVD, CHICAGO, IL 60607",-87.664221,41.883513,1280,57635973,12/1/09 0:00,2009,12,CPD,940060,PARK/STAND ON BICYCLE PATH,0,IL,PAS,1033 W WASHINGTON,1033 W WASHINGTON,Chicago,IL, 
T,"1115 W WASHINGTON BLVD, CHICAGO, IL 60607",-87.664457,41.883263,605,52657585,7/23/07 0:00,2007,152,CPD,940060,PARK/STAND ON BICYCLE PATH,0,IL,PAS,1115 W WASHINGTON,1115 W WASHINGTON,Chicago,IL, 
T,"1121 W 18TH ST, CHICAGO, IL 60608",-87.654139,41.857983,3500,63341292,7/5/13 0:00,2013,12,CPD,940060,PARK/STAND ON BICYCLE PATH,0,IL,PAS,1121 W 18TH,1121 W 18TH,Chicago,IL, 
T,"1133 W 18TH ST, CHICAGO, IL 60608",-87.654568,41.857982,5326,62080362,12/12/12 0:00,2012,12,CPD,940060,PARK/STAND ON BICYCLE PATH,0,IL,PAS,1133 W 18TH,1133 W 18TH,Chicago,IL, 
T,"1141 W WASHINGTON BLVD, CHICAGO, IL 60607",-87.664525,41.88318,3078,58890118,2/18/11 0:00,2011,12,CPD,940060,PARK/STAND ON BICYCLE PATH,0,IL,PAS,1141 W WASHINGTON,1141 W WASHINGTON,Chicago,IL, 
T,"1151 W WASHINGTON BLVD, CHICAGO, IL 60607",-87.664562,41.883155,3080,58890120,2/18/11 0:00,2011,12,CPD,940060,PARK/STAND ON BICYCLE PATH,0,IL,PAS,1151 W WASHINGTON,1151 W WASHINGTON,Chicago,IL, 
T,"1201 W WASHINGTON BLVD, CHICAGO, IL 60607",-87.664766,41.883052,3596,62850274,7/31/13 0:00,2013,145,CPD-Other,940060,PARK/STAND ON BICYCLE PATH,0,IL,PAS,1201 W WASHINGTON,1201 W WASHINGTON,Chicago,IL, 
T,"1209 W WASHINGTON BLVD, CHICAGO, IL 60607",-87.664805,41.883046,5836,64497564,5/19/14 0:00,2014,12,CPD,940060,PARK/STAND ON BICYCLE PATH,0,IL,PAS,1209 W WASHINGTON,1209 W WASHINGTON,Chicago,IL, 
T,"1212 N WELLS ST, CHICAGO, IL 60610",-87.634493,41.904259,2303,52072463,2/2/08 0:00,2008,216,CPD,940060,PARK/STAND ON BICYCLE PATH,0,IL,PAS,1212 W WELLS,1212 W WELLS,Chicago,IL, 
T,"1261 W WASHINGTON BLVD, CHICAGO, IL 60607",-87.665064,41.883042,2675,55821855,12/28/08 0:00,2008,12,CPD,940060,PARK/STAND ON BICYCLE PATH,0,IL,PAS,1261 W WASHINGTON,1261 W WASHINGTON,Chicago,IL, 
T,"1301 W WASHINGTON BLVD, CHICAGO, IL 60607",-87.665259,41.883075,4053,64842016,8/31/14 0:00,2014,12,CPD,940060,PARK/STAND ON BICYCLE PATH,0,MI,PAS,1301 W WASHINGTON,1301 W WASHINGTON,Chicago,IL, 
T,"1307 E 55TH ST, CHICAGO, IL 60615",-87.59467,41.794989,3363,61261190,7/21/12 0:00,2012,2,CPD,940060,PARK/STAND ON BICYCLE PATH,4893985,IL,PAS,1307 E 55TH,1307 E 55TH,Chicago,IL, 
T,"1309 E 55TH ST, CHICAGO, IL 60615",-87.594602,41.79499,3364,61261191,7/21/12 0:00,2012,2,CPD,940060,PARK/STAND ON BICYCLE PATH,0,IL,PAS,1309 E 55TH,1309 E 55TH,Chicago,IL, 
T,"1327 W MARQUETTE RD, CHICAGO, IL 60636",-87.65775,41.772164,4708,66830776,7/8/16 0:00,2016,3,CPD,940060,PARK/STAND ON BICYCLE PATH,4871027,IL,PAS,1327 S MARQUETTE,1327 S MARQUETTE,Chicago,IL, 
T,"1327 W WASHINGTON BLVD, CHICAGO, IL 60607",-87.665382,41.883108,2524,54794616,9/4/08 0:00,2008,12,CPD,940060,PARK/STAND ON BICYCLE PATH,0,IL,TRK,1327 W WASHINGTON,1327 W WASHINGTON,Chicago,IL, 
T,"1329 E 55TH ST, CHICAGO, IL 60615",-87.59387,41.794995,3366,61261193,7/21/12 0:00,2012,2,CPD,940060,PARK/STAND ON BICYCLE PATH,0,IL,PAS,1329 E 55TH,1329 E 55TH,Chicago,IL, 
T,"1347 W WASHINGTON BLVD, CHICAGO, IL 60607",-87.665475,41.883136,1652,65452896,3/14/15 0:00,2015,12,CPD,940060,PARK/STAND ON BICYCLE PATH,0,IL,PAS,1347 W WASHINGTON,1347 W WASHINGTON,Chicago,IL, 
T,"1348 E 55TH ST, CHICAGO, IL 60615",-87.592905,41.794998,3362,61261189,7/21/12 0:00,2012,2,CPD,940060,PARK/STAND ON BICYCLE PATH,0,IL,PAS,1348 E 55TH,1348 E 55TH,Chicago,IL, 
T,"1350 E 55TH ST, CHICAGO, IL 60615",-87.592844,41.794999,5546,63679934,11/8/13 0:00,2013,2,CPD,940060,PARK/STAND ON BICYCLE PATH,183856,IL,HCP,1350 E 55TH,1350 E 55TH,Chicago,IL, 
T,"1352 E 55TH ST, CHICAGO, IL 60615",-87.592783,41.795,3361,61261188,7/21/12 0:00,2012,2,CPD,940060,PARK/STAND ON BICYCLE PATH,0,IL,PAS,1352 E 55TH,1352 E 55TH,Chicago,IL, 
T,"1354 E 55TH ST, CHICAGO, IL 60615",-87.592723,41.795004,3356,61261183,7/21/12 0:00,2012,2,CPD,940060,PARK/STAND ON BICYCLE PATH,0,PA,PAS,1354 E 55TH,1354 E 55TH,Chicago,IL, 
T,"1354 E 55TH ST, CHICAGO, IL 60615",-87.592723,41.795004,3357,61261184,7/21/12 0:00,2012,2,CPD,940060,PARK/STAND ON BICYCLE PATH,0,WI,PAS,1354 E 55TH,1354 E 55TH,Chicago,IL, 
T,"1354 E 55TH ST, CHICAGO, IL 60615",-87.592723,41.795004,3359,61261186,7/21/12 0:00,2012,2,CPD,940060,PARK/STAND ON BICYCLE PATH,4747316,IL,PAS,1354 E 55TH,1354 E 55TH,Chicago,IL, 
T,"1354 E 55TH ST, CHICAGO, IL 60615",-87.592723,41.795004,3360,61261187,7/21/12 0:00,2012,2,CPD,940060,PARK/STAND ON BICYCLE PATH,165673,IL,HCP,1354 E 55TH,1354 E 55TH,Chicago,IL, 
T,"1354 E 55TH ST, CHICAGO, IL 60615",-87.592723,41.795004,3414,61261195,7/27/12 0:00,2012,2,CPD,940060,PARK/STAND ON BICYCLE PATH,0,IL,PAS,1354 E 55TH,1354 E 55TH,Chicago,IL, 
T,"1354 E 55TH ST, CHICAGO, IL 60615",-87.592723,41.795004,4701,66998573,7/1/16 0:00,2016,2,CPD,940060,PARK/STAND ON BICYCLE PATH,0,IL,PAS,1354 E 55TH,1354 E 55TH,Chicago,IL, 
T,"1355 W WASHINGTON BLVD, CHICAGO, IL 60607",-87.665512,41.883147,1651,65452462,3/14/15 0:00,2015,12,CPD,940060,PARK/STAND ON BICYCLE PATH,0,IL,PAS,1355 W WASHINGTON,1355 W WASHINGTON,Chicago,IL, 
T,"1355 W WASHINGTON BLVD, CHICAGO, IL 60607",-87.665512,41.883147,3599,62685928,8/12/13 0:00,2013,211,CPD-Other,940060,PARK/STAND ON BICYCLE PATH,0,IL,PAS,1355 W WASHINGTON,1355 W WASHINGTON,Chicago,IL, 
T,"145 N CENTRAL PARK BLVD, CHICAGO, IL 60624",-87.715884,41.885791,4613,66381912,6/21/16 0:00,2016,11,CPD,940060,PARK/STAND ON BICYCLE PATH,1489768,IL,TMP,145 N CENTRAL PARK,145 N CENTRAL PARK,Chicago,IL, 
T,"156 N CENTRAL PARK BLVD, CHICAGO, IL 60624",-87.715885,41.885818,3763,62826948,2/19/14 0:00,2014,6,CPD,940060,PARK/STAND ON BICYCLE PATH,0,IL,PAS,156 N CENTRAL PARK,156 N CENTRAL PARK,Chicago,IL, 
T,"200 N DEARBORN ST, CHICAGO, IL 60601",-87.6295,41.885756,6163,64556764,12/12/14 0:00,2014,211,CPD-Other,940060,PARK/STAND ON BICYCLE PATH,0,IL,PAS,200 W DEARBORN,200 W DEARBORN,Chicago,IL, 
T,"201 E LAKE SHORE DR, CHICAGO, IL 60611",-87.622463,41.900865,1063,54862189,8/15/08 0:00,2008,1,CPD,940060,PARK/STAND ON BICYCLE PATH,0,IL,PAS,201 N LAKE SHORE DR,201 N LAKE SHORE DR,Chicago,IL, 
T,"2114 N KEDZIE AVE, CHICAGO, IL 60647",-87.707127,41.919827,1548,65765940,2/19/15 0:00,2015,14,CPD,940060,PARK/STAND ON BICYCLE PATH,0,IL,PAS,2114 N KEDZIE,2114 N KEDZIE,Chicago,IL, 
T,"2114 N KEDZIE AVE, CHICAGO, IL 60647",-87.707127,41.919827,1550,65434324,2/19/15 0:00,2015,14,CPD,940060,PARK/STAND ON BICYCLE PATH,0,IL,PAS,2114 N KEDZIE,2114 N KEDZIE,Chicago,IL, 
T,"220 N KEDZIE AVE, CHICAGO, IL 60612",-87.706228,41.885101,6519,66357947,10/18/15 0:00,2015,18,CPD,940060,PARK/STAND ON BICYCLE PATH,7617935,IL,PAS,220 W KEDZIE,220 W KEDZIE,Chicago,IL, 
T,"2242 W 18TH ST, CHICAGO, IL 60608",-87.681937,41.857587,1458,63001987,5/17/13 0:00,2013,12,CPD,940060,PARK/STAND ON BICYCLE PATH,0,IL,PAS,2242 W 18TH,2242 W 18TH,Chicago,IL, 
T,"247 N CENTRAL PARK AVE, CHICAGO, IL 60624",-87.716688,41.884659,6882,67144484,5/21/16 0:00,2016,11,CPD,940060,PARK/STAND ON BICYCLE PATH,0,IL,PAS,247 N CENTRAL PARK,247 N CENTRAL PARK,Chicago,IL, 
T,"3118 W PALMER BLVD, CHICAGO, IL 60647",-87.704877,41.921478,3144,60158983,9/10/11 0:00,2011,14,CPD,940060,PARK/STAND ON BICYCLE PATH,0,IL,TMP,3118 W PALMER,3118 W PALMER,Chicago,IL, 
T,"453 W MARQUETTE RD, CHICAGO, IL 60621",-87.636656,41.77247,795,53047705,10/9/07 0:00,2007,7,CPD,940060,PARK/STAND ON BICYCLE PATH,9694033,IL,PAS,453 N MARQUETTE,453 N MARQUETTE,Chicago,IL, 
T,"4614 N KEDZIE AVE, CHICAGO, IL 60625",-87.708404,41.965109,64,48905069,3/19/06 0:00,2006,17,CPD,940060,PARK/STAND ON BICYCLE PATH,6599293,IL,PAS,4614  KEDZIE,4614  KEDZIE,Chicago,IL, 
T,"5508 W LAKE ST, CHICAGO, IL 60644",-87.763419,41.887185,2235,66964359,9/10/16 0:00,2016,15,CPD,940060,PARK/STAND ON BICYCLE PATH,0,IL,PAS,5508 W LAKE,5508 W LAKE,Chicago,IL, 
T,"5808 W LAKE ST, CHICAGO, IL 60644",-87.770084,41.887096,2191,66758561,2/10/16 0:00,2016,15,CPD,940060,PARK/STAND ON BICYCLE PATH,9579191,IL,PAS,5808 W LAKE,5808 W LAKE,Chicago,IL, 
T,"5816 W LAKE ST, CHICAGO, IL 60644",-87.770243,41.887094,4316,66012591,6/22/15 0:00,2015,15,CPD,940060,PARK/STAND ON BICYCLE PATH,0,IL,PAS,5816 W LAKE ST,5816 W LAKE ST,Chicago,IL, 
T,"5834 W LAKE ST, CHICAGO, IL 60644",-87.770602,41.887089,6878,66963470,5/17/16 0:00,2016,15,CPD,940060,PARK/STAND ON BICYCLE PATH,0,IL,PAS,5834 W LAKE ST,5834 W LAKE ST,Chicago,IL, 
T,"5922 W LAKE ST, CHICAGO, IL 60644",-87.772792,41.887893,1635,65545740,3/7/15 0:00,2015,15,CPD,940060,PARK/STAND ON BICYCLE PATH,0,GA,PAS,5922 W LAKE,5922 W LAKE,Chicago,IL, 
T,"5924 W LAKE ST, CHICAGO, IL 60644",-87.772862,41.887895,1636,65545741,3/7/15 0:00,2015,15,CPD,940060,PARK/STAND ON BICYCLE PATH,0,IL,PAS,5924 W LAKE,5924 W LAKE,Chicago,IL, 
T,"5942 W LAKE ST, CHICAGO, IL 60644",-87.77346,41.887916,4751,66960156,7/31/16 0:00,2016,15,CPD,940060,PARK/STAND ON BICYCLE PATH,0,IL,PAS,5942 W LAKE ST,5942 W LAKE ST,Chicago,IL, 
T,"5952 W LAKE ST, CHICAGO, IL 60644",-87.773688,41.887921,4778,66967987,8/10/16 0:00,2016,15,CPD,940060,PARK/STAND ON BICYCLE PATH,0,IL,PAS,5952 W LAKE,5952 W LAKE,Chicago,IL, 
T,"5956 W LAKE ST, CHICAGO, IL 60644",-87.773779,41.887924,4741,67215153,7/21/16 0:00,2016,15,CPD,940060,PARK/STAND ON BICYCLE PATH,0,IL,PAS,5956 W LAKE,5956 W LAKE,Chicago,IL, 
T,"6210 S HALSTED ST, CHICAGO, IL 60621",-87.64474,41.781148,1053,55179970,8/18/08 0:00,2008,7,CPD,940060,PARK/STAND ON BICYCLE PATH,1323108,IL,PAS,6210 S HALSTED,6210 S HALSTED,Chicago,IL, 
T,"6319 S HALSTED ST, CHICAGO, IL 60621",-87.644694,41.779074,1227,56917352,9/23/09 0:00,2009,7,CPD,940060,PARK/STAND ON BICYCLE PATH,0,IL,TMP,6319 S HALSTED,6319 S HALSTED,Chicago,IL, 
T,"6320 S HALSTED ST, CHICAGO, IL 60621",-87.644692,41.779014,1228,56917409,9/23/09 0:00,2009,7,CPD,940060,PARK/STAND ON BICYCLE PATH,0,IL,TRK,6320 S HALSTED,6320 S HALSTED,Chicago,IL, 
T,"6343 S HALSTED ST, CHICAGO, IL 60621",-87.644686,41.778649,1153,56078313,2/24/09 0:00,2009,7,CPD,940060,PARK/STAND ON BICYCLE PATH,0,IL,PAS,6343 S HALSTED,6343 S HALSTED,Chicago,IL, 
T,"6343 S HALSTED ST, CHICAGO, IL 60621",-87.644686,41.778649,1154,56078315,2/24/09 0:00,2009,7,CPD,940060,PARK/STAND ON BICYCLE PATH,0,IL,PAS,6343 S HALSTED,6343 S HALSTED,Chicago,IL, 
T,"6349 S HALSTED ST, CHICAGO, IL 60621",-87.644685,41.778561,4825,67200311,8/30/16 0:00,2016,7,CPD,940060,PARK/STAND ON BICYCLE PATH,0,IL,PAS,6349 S HALSTED,6349 S HALSTED,Chicago,IL, 
T,"6427 S HALSTED ST, CHICAGO, IL 60621",-87.644646,41.777001,4821,67027952,8/30/16 0:00,2016,7,CPD,940060,PARK/STAND ON BICYCLE PATH,0,IL,PAS,6427 S HALSTED,6427 S HALSTED,Chicago,IL, 
T,"6429 S HALSTED ST, CHICAGO, IL 60621",-87.644645,41.776941,4824,67200307,8/30/16 0:00,2016,7,CPD,940060,PARK/STAND ON BICYCLE PATH,0,IL,PAS,6429 S HALSTED,6429 S HALSTED,Chicago,IL, 
T,"6430 S HALSTED ST, CHICAGO, IL 60621",-87.644652,41.777375,3103,59552606,3/31/11 0:00,2011,7,CPD,940060,PARK/STAND ON BICYCLE PATH,0,IL,PAS,6430 S HALSTED,6430 S HALSTED,Chicago,IL, 
T,"6431 S HALSTED ST, CHICAGO, IL 60621",-87.644644,41.776881,4820,67027950,8/30/16 0:00,2016,7,CPD,940060,PARK/STAND ON BICYCLE PATH,0,IL,TMP,6431 S HALSTED,6431 S HALSTED,Chicago,IL, 
T,"6439 N DAMEN AVE, CHICAGO, IL 60645",-87.680078,41.998967,116,49753646,4/12/06 0:00,2006,7,CPD,940060,PARK/STAND ON BICYCLE PATH,6420194,IL,PAS,6439  DAMEN,6439  DAMEN,Chicago,IL, 
T,"6531 S HALSTED PKWY, CHICAGO, IL 60621",-87.644282,41.775533,4822,67027955,8/30/16 0:00,2016,7,CPD,940060,PARK/STAND ON BICYCLE PATH,0,IL,PAS,6531 S HALSTED,6531 S HALSTED,Chicago,IL, 
T,"730 W PERSHING RD, CHICAGO, IL 60609",-87.645093,41.823462,3451,61162356,8/30/12 0:00,2012,2,CPD,940060,PARK/STAND ON BICYCLE PATH,0,IL,PAS,730  PERSHING RD,730  PERSHING RD,Chicago,IL, 
T,"747 N WELLS ST, CHICAGO, IL 60610",-87.634163,41.895858,551,52396366,6/5/07 0:00,2007,18,CPD,940060,PARK/STAND ON BICYCLE PATH,0,IL,DOM,747 W WELLS,747 W WELLS,Chicago,IL, 
T,"754 W MARQUETTE RD, CHICAGO, IL 60621",-87.643828,41.772358,6119,65146873,11/21/14 0:00,2014,7,CPD,940060,PARK/STAND ON BICYCLE PATH,0,IL,PAS,754 N MARQUETTE,754 N MARQUETTE,Chicago,IL, 
T,"800 S HALSTED ST, CHICAGO, IL 60607",-87.647113,41.871424,925,54837315,5/23/08 0:00,2008,12,CPD,940060,PARK/STAND ON BICYCLE PATH,3446121,IL,PAS,800 S HALSTED,800 S HALSTED,Chicago,IL, 
T,"835 W WASHINGTON BLVD, CHICAGO, IL 60607",-87.663531,41.884129,933,54200419,5/20/08 0:00,2008,216,CPD,940060,PARK/STAND ON BICYCLE PATH,0,IL,PAS,835 W WASHINGTON,835 W WASHINGTON,Chicago,IL, 
T,"851 W WASHINGTON BLVD, CHICAGO, IL 60607",-87.663662,41.884051,231,50105340,5/30/06 0:00,2006,12,CPD,940060,PARK/STAND ON BICYCLE PATH,0,IL,TXI,851 W WASHINGTON,851 W WASHINGTON,Chicago,IL, 
T,"855 W WASHINGTON BLVD, CHICAGO, IL 60607",-87.663674,41.88404,261,50295238,6/8/06 0:00,2006,12,CPD,940060,PARK/STAND ON BICYCLE PATH,0,IL,TXI,855 W WASHINGTON,855 W WASHINGTON,Chicago,IL, 
T,"900 W WASHINGTON BLVD, CHICAGO, IL 60607",-87.663815,41.883904,3219,61216830,6/1/12 0:00,2012,211,CPD-Other,940060,PARK/STAND ON BICYCLE PATH,0,IL,PAS,900 W WASHINGTON,900 W WASHINGTON,Chicago,IL, 
T,"901 W WASHINGTON BLVD, CHICAGO, IL 60607",-87.663815,41.883904,240,50449192,6/22/06 0:00,2006,12,CPD,940060,PARK/STAND ON BICYCLE PATH,5282343,IL,PAS,901 N WASHINGTON,901 N WASHINGTON,Chicago,IL, 
T,"901 W WASHINGTON BLVD, CHICAGO, IL 60607",-87.663815,41.883904,234,50105347,6/5/06 0:00,2006,12,CPD,940060,PARK/STAND ON BICYCLE PATH,14483144,IL,PAS,901 W WASHINGTON,901 W WASHINGTON,Chicago,IL, 
T,"901 W WASHINGTON BLVD, CHICAGO, IL 60607",-87.663815,41.883904,239,50449191,6/22/06 0:00,2006,12,CPD,940060,PARK/STAND ON BICYCLE PATH,0,IL,PAS,901 W WASHINGTON,901 W WASHINGTON,Chicago,IL, 
T,"901 W WASHINGTON BLVD, CHICAGO, IL 60607",-87.663815,41.883904,563,52518578,6/20/07 0:00,2007,12,CPD,940060,PARK/STAND ON BICYCLE PATH,7552460,IL,PAS,901 W WASHINGTON,901 W WASHINGTON,Chicago,IL, 
T,"902 W WASHINGTON BLVD, CHICAGO, IL 60607",-87.663821,41.883898,762,53055818,9/21/07 0:00,2007,12,CPD,940060,PARK/STAND ON BICYCLE PATH,0,IL,PAS,902 W WASHINGTON,902 W WASHINGTON,Chicago,IL, 
T,"903 W WASHINGTON BLVD, CHICAGO, IL 60607",-87.663821,41.883898,6362,64486613,8/29/15 0:00,2015,59,CPD,940060,PARK/STAND ON BICYCLE PATH,0,IL,PAS,903 W WASHINGTON,903 W WASHINGTON,Chicago,IL, 
T,"908 W WASHINGTON BLVD, CHICAGO, IL 60607",-87.66384,41.88388,2954,58459058,6/19/10 0:00,2010,12,CPD,940060,PARK/STAND ON BICYCLE PATH,0,IL,PAS,908 W WASHINGTON,908 W WASHINGTON,Chicago,IL, 
T,"909 W WASHINGTON BLVD, CHICAGO, IL 60607",-87.66384,41.88388,765,52681791,9/11/07 0:00,2007,12,CPD,940060,PARK/STAND ON BICYCLE PATH,6966331,IL,PAS,909 W WASHINGTON,909 W WASHINGTON,Chicago,IL, 
T,"909 W WASHINGTON BLVD, CHICAGO, IL 60607",-87.66384,41.88388,937,54837897,6/2/08 0:00,2008,12,CPD,940060,PARK/STAND ON BICYCLE PATH,7787371,IL,PAS,909 W WASHINGTON,909 W WASHINGTON,Chicago,IL, 
T,"911 W WASHINGTON BLVD, CHICAGO, IL 60607",-87.663846,41.883874,263,50295242,6/13/06 0:00,2006,12,CPD,940060,PARK/STAND ON BICYCLE PATH,1077543,IL,PAS,911 W WASHINGTON,911 W WASHINGTON,Chicago,IL, 
T,"911 W WASHINGTON BLVD, CHICAGO, IL 60607",-87.663846,41.883874,2570,55527061,10/10/08 0:00,2008,12,CPD,940060,PARK/STAND ON BICYCLE PATH,9172048,IL,PAS,911 W WASHINGTON,911 W WASHINGTON,Chicago,IL, 
T,"913 W WASHINGTON BLVD, CHICAGO, IL 60607",-87.663852,41.883868,1135,56130711,2/11/09 0:00,2009,12,CPD,940060,PARK/STAND ON BICYCLE PATH,0,IL,PAS,913 W WASHINGTON,913 W WASHINGTON,Chicago,IL, 
T,"913 W WASHINGTON BLVD, CHICAGO, IL 60607",-87.663852,41.883868,2605,55527533,9/30/08 0:00,2008,12,CPD,940060,PARK/STAND ON BICYCLE PATH,0,IL,TRK,913 W WASHINGTON,913 W WASHINGTON,Chicago,IL, 
T,"913 W WASHINGTON BLVD, CHICAGO, IL 60607",-87.663852,41.883868,2830,57773583,12/8/09 0:00,2009,12,CPD,940060,PARK/STAND ON BICYCLE PATH,3508110,IL,PAS,913 W WASHINGTON,913 W WASHINGTON,Chicago,IL, 
T,"917 W WASHINGTON BLVD, CHICAGO, IL 60607",-87.663864,41.883856,495,51365899,4/9/07 0:00,2007,12,CPD,940060,PARK/STAND ON BICYCLE PATH,5586591,IL,PAS,917 W WASHINGTON,917 W WASHINGTON,Chicago,IL, 
T,"917 W WASHINGTON BLVD, CHICAGO, IL 60607",-87.663864,41.883856,1816,65451451,4/22/15 0:00,2015,12,CPD,940060,PARK/STAND ON BICYCLE PATH,0,IL,PAS,917 W WASHINGTON,917 W WASHINGTON,Chicago,IL, 
T,"917 W WASHINGTON BLVD, CHICAGO, IL 60607",-87.663864,41.883856,2359,53522005,1/7/08 0:00,2008,12,CPD,940060,PARK/STAND ON BICYCLE PATH,0,IL,PAS,917 W WASHINGTON,917 W WASHINGTON,Chicago,IL, 
T,"917 W WASHINGTON BLVD, CHICAGO, IL 60607",-87.663864,41.883856,2606,55527536,9/30/08 0:00,2008,12,CPD,940060,PARK/STAND ON BICYCLE PATH,0,KS,PAS,917 W WASHINGTON,917 W WASHINGTON,Chicago,IL, 
T,"917 W WASHINGTON BLVD, CHICAGO, IL 60607",-87.663864,41.883856,2728,56130183,3/9/09 0:00,2009,12,CPD,940060,PARK/STAND ON BICYCLE PATH,0,IL,TXI,917 W WASHINGTON,917 W WASHINGTON,Chicago,IL, 
T,"917 W WASHINGTON BLVD, CHICAGO, IL 60607",-87.663864,41.883856,2949,58432850,6/12/10 0:00,2010,12,CPD,940060,PARK/STAND ON BICYCLE PATH,0,IL,PAS,917 W WASHINGTON,917 W WASHINGTON,Chicago,IL, 
T,"917 W WASHINGTON BLVD, CHICAGO, IL 60607",-87.663864,41.883856,2969,58430443,7/2/10 0:00,2010,12,CPD,940060,PARK/STAND ON BICYCLE PATH,7895966,IL,PAS,917 W WASHINGTON,917 W WASHINGTON,Chicago,IL, 
T,"917 W WASHINGTON BLVD, CHICAGO, IL 60607",-87.663864,41.883856,3597,62850275,7/31/13 0:00,2013,145,CPD-Other,940060,PARK/STAND ON BICYCLE PATH,0,IL,PAS,917 W WASHINGTON,917 W WASHINGTON,Chicago,IL, 
T,"917 W WASHINGTON BLVD, CHICAGO, IL 60607",-87.663864,41.883856,4449,65907127,6/29/15 0:00,2015,12,CPD,940060,PARK/STAND ON BICYCLE PATH,0,IL,PAS,917 W WASHINGTON,917 W WASHINGTON,Chicago,IL, 
T,"917 W WASHINGTON BLVD, CHICAGO, IL 60607",-87.663864,41.883856,5064,61563382,4/5/12 0:00,2012,12,CPD,940060,PARK/STAND ON BICYCLE PATH,0,IL,PAS,917 W WASHINGTON,917 W WASHINGTON,Chicago,IL, 
T,"919 W WASHINGTON BLVD, CHICAGO, IL 60607",-87.663871,41.88385,232,50105341,5/30/06 0:00,2006,12,CPD,940060,PARK/STAND ON BICYCLE PATH,0,IL,PAS,919 W WASHINGTON,919 W WASHINGTON,Chicago,IL, 
T,"919 W WASHINGTON BLVD, CHICAGO, IL 60607",-87.663871,41.88385,233,50105342,5/30/06 0:00,2006,12,CPD,940060,PARK/STAND ON BICYCLE PATH,0,IL,TXI,919 W WASHINGTON,919 W WASHINGTON,Chicago,IL, 
T,"919 W WASHINGTON BLVD, CHICAGO, IL 60607",-87.663871,41.88385,4179,65901625,5/4/15 0:00,2015,12,CPD,940060,PARK/STAND ON BICYCLE PATH,0,IL,TRK,919 W WASHINGTON,919 W WASHINGTON,Chicago,IL, 
T,"919 W WASHINGTON BLVD, CHICAGO, IL 60607",-87.663871,41.88385,4972,59713141,7/7/11 0:00,2011,145,CPD-Other,940060,PARK/STAND ON BICYCLE PATH,0,IL,PAS,919 W WASHINGTON,919 W WASHINGTON,Chicago,IL, 
T,"919 W WASHINGTON BLVD, CHICAGO, IL 60607",-87.663871,41.88385,5835,64497555,5/6/14 0:00,2014,12,CPD,940060,PARK/STAND ON BICYCLE PATH,0,IL,PAS,919 W WASHINGTON,919 W WASHINGTON,Chicago,IL, 
T,"921 W WASHINGTON BLVD, CHICAGO, IL 60607",-87.663877,41.883845,6627,66849554,2/25/16 0:00,2016,211,CPD-Other,940060,PARK/STAND ON BICYCLE PATH,8459326,IL,PAS,921 W WASHINGTON,921 W WASHINGTON,Chicago,IL, 
T,"931 W WASHINGTON BLVD, CHICAGO, IL 60607",-87.663907,41.883815,544,52244043,5/22/07 0:00,2007,12,CPD,940060,PARK/STAND ON BICYCLE PATH,6944062,IL,PAS,931 W WASHINGTON,931 W WASHINGTON,Chicago,IL, 
T,"931 W WASHINGTON BLVD, CHICAGO, IL 60607",-87.663907,41.883815,763,50651802,9/14/07 0:00,2007,12,CPD,940060,PARK/STAND ON BICYCLE PATH,3906640,IL,PAS,931 W WASHINGTON,931 W WASHINGTON,Chicago,IL, 
T,"931 W WASHINGTON BLVD, CHICAGO, IL 60607",-87.663907,41.883815,2839,57934801,12/21/09 0:00,2009,12,CPD,940060,PARK/STAND ON BICYCLE PATH,0,IL,ORG,931 W WASHINGTON,931 W WASHINGTON,Chicago,IL, 
T,"931 W WASHINGTON BLVD, CHICAGO, IL 60607",-87.663907,41.883815,3218,61563583,5/30/12 0:00,2012,12,CPD,940060,PARK/STAND ON BICYCLE PATH,3771895,IL,PAS,931 W WASHINGTON,931 W WASHINGTON,Chicago,IL, 
T,"931 W WASHINGTON BLVD, CHICAGO, IL 60607",-87.663907,41.883815,3895,64498684,4/5/14 0:00,2014,12,CPD,940060,PARK/STAND ON BICYCLE PATH,0,IL,PAS,931 W WASHINGTON,931 W WASHINGTON,Chicago,IL, 
T,"933 W WASHINGTON BLVD, CHICAGO, IL 60607",-87.663914,41.883809,2676,55821862,12/28/08 0:00,2008,12,CPD,940060,PARK/STAND ON BICYCLE PATH,0,IL,PAS,933 W WASHINGTON,933 W WASHINGTON,Chicago,IL, 
T,"933 W WASHINGTON BLVD, CHICAGO, IL 60607",-87.663914,41.883809,2868,57940431,3/3/10 0:00,2010,12,CPD,940060,PARK/STAND ON BICYCLE PATH,0,AZ,PAS,933 W WASHINGTON,933 W WASHINGTON,Chicago,IL, 
T,"946 W WASHINGTON BLVD, CHICAGO, IL 60607",-87.663957,41.883768,2951,57446183,6/19/10 0:00,2010,12,CPD,940060,PARK/STAND ON BICYCLE PATH,0,IL,PAS,946 W WASHINGTON,946 W WASHINGTON,Chicago,IL, 
T,"948 W WASHINGTON BLVD, CHICAGO, IL 60607",-87.663963,41.883762,2950,57446182,6/19/10 0:00,2010,12,CPD,940060,PARK/STAND ON BICYCLE PATH,0,IL,PAS,948 W WASHINGTON,948 W WASHINGTON,Chicago,IL, 
T,"954 W 83RD ST, CHICAGO, IL 60620",-87.647806,41.743236,1527,65469790,2/8/15 0:00,2015,412,CPD-Other,940060,PARK/STAND ON BICYCLE PATH,0,IL,PAS,954 S 83RD ST,954 S 83RD,Chicago,IL, 
T,"958 W WASHINGTON BLVD, CHICAGO, IL 60607",-87.663993,41.883732,1009,55064622,7/18/08 0:00,2008,12,CPD,940060,PARK/STAND ON BICYCLE PATH,8475578,IL,PAS,958 W WASHINGTON,958 W WASHINGTON,Chicago,IL, 
T,"959 W WASHINGTON BLVD, CHICAGO, IL 60607",-87.663993,41.883732,2315,53731551,2/14/08 0:00,2008,12,CPD,940060,PARK/STAND ON BICYCLE PATH,0,IL,PAS,959 W WASHINGTON,959 W WASHINGTON,Chicago,IL, 
U, ,0,0,4884,0,10/22/10 0:00,2010,23,CPD,940060,PARK/STAND ON BICYCLE PATH,0,IL,PAS,0 N BROADWAY,0 N BROADWAY,Chicago,IL, 
U, ,0,0,2114,66528465,1/12/16 0:00,2016,211,CPD-Other,940060,PARK/STAND ON BICYCLE PATH,0,IL,PAS,02 N DAERBORN,02 N DEARBORN,Chicago,IL, 
U, ,0,0,3040,0,1/8/11 0:00,2011,25,CPD,940060,PARK/STAND ON BICYCLE PATH,1,IL,PAS,1 N 123 MAIN ST,1 N 123 MAIN ST,Chicago,IL, 
U, ,0,0,4819,66955197,8/31/16 0:00,2016,211,CPD-Other,940060,PARK/STAND ON BICYCLE PATH,0,IL,MCY,100 N LAKE SHORE DR,100 N LAKE SHORE DR,Chicago,IL, 
U, ,0,0,2821,57005229,8/10/09 0:00,2009,1,CPD,940060,PARK/STAND ON BICYCLE PATH,0,IL,TRK,100 S LAKESHORE DR,100 S LAKE SHORE DR,Chicago,IL, 
U, ,0,0,4626,66323515,6/26/16 0:00,2016,12,CPD,940060,PARK/STAND ON BICYCLE PATH,0,IL,PAS,1009 N ESLTON,1009 N ELSTON,Chicago,IL, 
U, ,0,0,5031,60503206,2/10/12 0:00,2012,5,CPD,940060,PARK/STAND ON BICYCLE PATH,0,IL,PAS,10300 S SATE,10300 S SATE,Chicago,IL, 
U, ,0,0,3348,61268993,7/20/12 0:00,2012,2,CPD,940060,PARK/STAND ON BICYCLE PATH,0,IL,PAS,1100 E 55ST,1100 E 55TH,Chicago,IL, 
U, ,0,0,2812,56856324,7/25/09 0:00,2009,22,CPD,940060,PARK/STAND ON BICYCLE PATH,6610064,IL,PAS,11053 S WODO,11053 S WOOD,Chicago,IL, 
U, ,0,0,3058,0,2/22/11 0:00,2011,23,CPD,940060,PARK/STAND ON BICYCLE PATH,98765,IL,PAS,111 N LE MAI AVE,111 N LE MAI AVE,Chicago,IL, 
U, ,0,0,3418,61123958,8/4/12 0:00,2012,13,CPD,940060,PARK/STAND ON BICYCLE PATH,214026,IL,PAS,1113 N ELSOTN,1113 N ELSTON,Chicago,IL, 
U, ,0,0,3079,58890119,2/18/11 0:00,2011,12,CPD,940060,PARK/STAND ON BICYCLE PATH,0,IL,PAS,1151 W WASHINGTNO,1151 W WASHINGTON,Chicago,IL, 
U, ,0,0,4928,59440135,5/25/11 0:00,2011,21,CPD,940060,PARK/STAND ON BICYCLE PATH,0,IL,PAS,11524 S DREXEL AVE,11524 S DREXEL AVE,Chicago,IL, 
U, ,0,0,3310,61124315,7/3/12 0:00,2012,13,CPD,940060,PARK/STAND ON BICYCLE PATH,0,TX,PAS,1168 N ELSTNO,1168 N ELSTON,Chicago,IL, 
U, ,0,0,4924,59641173,5/19/11 0:00,2011,216,CPD,940060,PARK/STAND ON BICYCLE PATH,0,IL,PAS,121 S LAKESHORE DRIVE,121 S LAKESHORE DRIVE,Chicago,IL, 
U, ,0,0,4418,65964584,7/3/15 0:00,2015,10,CPD,940060,PARK/STAND ON BICYCLE PATH,0,IL,PAS,1216 S INDE[ENDENCE,1216 S INDEPENDENCE,Chicago,IL, 
U, ,0,0,180,50258313,6/7/06 0:00,2006,7,CPD,940060,PARK/STAND ON BICYCLE PATH,0,IL,TMP,1227 W 6700 STREET,1227 W 6700 STREET,Chicago,IL, 
U, ,0,0,3584,0,8/7/13 0:00,2013,25,CPD,940060,PARK/STAND ON BICYCLE PATH,0,IL,PAS,123 N 123 MAIN ST,123 N 123 MAIN ST,Chicago,IL, 
U, ,0,0,1215,0,9/8/09 0:00,2009,4,CPD,940060,PARK/STAND ON BICYCLE PATH,0,IL,PAS,123 S 123 MAIN ST,123 S 123 MAIN ST,Chicago,IL, 
U, ,0,0,46,49736026,3/3/06 0:00,2006,1,CPD,940060,PARK/STAND ON BICYCLE PATH,0,IL,TRK,1231 S WABASG,1231 S WABASH,Chicago,IL, 
U, ,0,0,5368,61909135,12/22/12 0:00,2012,12,CPD,940060,PARK/STAND ON BICYCLE PATH,0,IL,PAS,13 S INDPENDENCE,13 S INDEPENDENCE,Chicago,IL, 
U, ,0,0,5343,61579350,12/20/12 0:00,2012,12,CPD,940060,PARK/STAND ON BICYCLE PATH,0,IL,PAS,1310 S INDEPDENCE,1310 S INDEPENDENCE,Chicago,IL, 
U, ,0,0,1452,62812575,5/8/13 0:00,2013,11,CPD,940060,PARK/STAND ON BICYCLE PATH,0,IL,MCY,1326 S INDEPENCENCE,1326 S INDEPENDENCE,Chicago,IL, 
U, ,0,0,724,52850058,9/18/07 0:00,2007,7,CPD,940060,PARK/STAND ON BICYCLE PATH,0,IL,PAS,1442 W MARQUETT,1442 W MARQUETTE,Chicago,IL, 
U, ,0,0,1834,65678040,5/1/15 0:00,2015,18,CPD,940060,PARK/STAND ON BICYCLE PATH,0,IL,PAS,1450 N HALSTE,1450 N HALSTED,Chicago,IL, 
U, ,0,0,4089,65169563,9/17/14 0:00,2014,18,CPD,940060,PARK/STAND ON BICYCLE PATH,0,IL,PAS,1450 N HASLTED,1450 N HASLTED,Chicago,IL, 
U, ,0,0,103,49494474,4/5/06 0:00,2006,21,CPD,940060,PARK/STAND ON BICYCLE PATH,0,IL,TRK,14720 S DREXEL,14720 S DREXEL,Chicago,IL, 
U, ,0,0,2583,56189722,10/24/08 0:00,2008,12,CPD,940060,PARK/STAND ON BICYCLE PATH,2911815,IL,PAS,150 S BLUE ISLAND,150 S BLUE ISLAND,Chicago,IL, 
U, ,0,0,2484,54199949,4/11/08 0:00,2008,216,CPD,940060,PARK/STAND ON BICYCLE PATH,4891952,IL,PAS,1500 N WELL,1500 N WELLS,Chicago,IL, 
U, ,0,0,5136,61908225,9/19/12 0:00,2012,1,CPD,940060,PARK/STAND ON BICYCLE PATH,0,IL,PAS,1520 S AWBASH,1520 S WABASH,Chicago,IL, 
U, ,0,0,679,52827042,8/28/07 0:00,2007,12,CPD,940060,PARK/STAND ON BICYCLE PATH,0,IL,PAS,1549 S BLUE,1549 S BLUE,Chicago,IL, 
U, ,0,0,2582,56189718,10/24/08 0:00,2008,12,CPD,940060,PARK/STAND ON BICYCLE PATH,0,IL,PAS,155 S BLUE ISLAND,155 S BLUE ISLAND,Chicago,IL, 
U, ,0,0,468,51830311,3/6/07 0:00,2007,18,CPD,940060,PARK/STAND ON BICYCLE PATH,2626562,IL,PAS,1550 N WELL,1550 N WELL,Chicago,IL, 
U, ,0,0,923,54623875,5/25/08 0:00,2008,12,CPD,940060,PARK/STAND ON BICYCLE PATH,7121079,IL,PAS,1551 S BLUE ISALND,1551 S BLUE ISLAND,Chicago,IL, 
U, ,0,0,2314,53731291,2/14/08 0:00,2008,12,CPD,940060,PARK/STAND ON BICYCLE PATH,0,IL,PAS,1551 S BLUE ISALND,1551 S BLUE ISLAND,Chicago,IL, 
U, ,0,0,935,54837107,5/25/08 0:00,2008,12,CPD,940060,PARK/STAND ON BICYCLE PATH,7334655,IL,PAS,1553 S BLUE ISALND,1553 S BLUE ISLAND,Chicago,IL, 
U, ,0,0,725,52979208,9/19/07 0:00,2007,21,CPD,940060,PARK/STAND ON BICYCLE PATH,0,IL,PAS,1554 S DREXEL BLVD,1554 S DREXEL BLVD,Chicago,IL, 
U, ,0,0,922,54623874,5/25/08 0:00,2008,12,CPD,940060,PARK/STAND ON BICYCLE PATH,3768943,IL,PAS,1555 S BLUE ISALND,1555 S BLUE ISLAND,Chicago,IL, 
U, ,0,0,611,52680704,7/19/07 0:00,2007,12,CPD,940060,PARK/STAND ON BICYCLE PATH,5894132,IL,PAS,15587 S BLUE ISLAND,15587 S BLUE ISLAND,Chicago,IL, 
U, ,0,0,1127,56130265,2/10/09 0:00,2009,12,CPD,940060,PARK/STAND ON BICYCLE PATH,0,IL,PAS,1623 S BLUE ISLAN,1623 S BLUE ISLAN,Chicago,IL, 
U, ,0,0,2808,56996943,7/5/09 0:00,2009,12,CPD,940060,PARK/STAND ON BICYCLE PATH,7621296,IL,PAS,1632 W OGDDEN,1632 W OGDEN,Chicago,IL, 
U, ,0,0,5364,61583113,12/27/12 0:00,2012,12,CPD,940060,PARK/STAND ON BICYCLE PATH,0,IL,TRK,1638 W OGDNE,1638 W OGDEN,Chicago,IL, 
U, ,0,0,3092,58995084,3/8/11 0:00,2011,13,CPD,940060,PARK/STAND ON BICYCLE PATH,9878010,IL,PAS,1645 W DIVIISON,1645 W DIVISION,Chicago,IL, 
U, ,0,0,6588,66418781,10/27/15 0:00,2015,18,CPD,940060,PARK/STAND ON BICYCLE PATH,0,IL,PAS,1706 N WELS,1706 N WELLS,Chicago,IL, 
U, ,0,0,1036,55139257,8/5/08 0:00,2008,18,CPD,940060,PARK/STAND ON BICYCLE PATH,7083168,IL,PAS,1714 N WEED,1714 N WEED,Chicago,IL, 
U, ,0,0,339,50741951,9/14/06 0:00,2006,21,CPD,940060,PARK/STAND ON BICYCLE PATH,0,MO,PAS,1715 S SHORE DR,1715 S SHORE DR,Chicago,IL, 
U, ,0,0,3026,58099843,8/14/10 0:00,2010,1,CPD,940060,PARK/STAND ON BICYCLE PATH,0,IL,PAS,1725 S WBASH,1725 S WABASH,Chicago,IL, 
U, ,0,0,2260,67256698,9/20/16 0:00,2016,12,CPD,940060,PARK/STAND ON BICYCLE PATH,0,IL,PAS,1862 W ROSOEVELT,1862 W ROOSEVELT,Chicago,IL, 
U, ,0,0,4932,59018818,5/30/11 0:00,2011,3,CPD,940060,PARK/STAND ON BICYCLE PATH,0,IL,PAS,1900 E SCIENCE DR,1900 E SCIENCE DR,Chicago,IL, 
U, ,0,0,3239,61216355,6/8/12 0:00,2012,211,CPD-Other,940060,PARK/STAND ON BICYCLE PATH,0,IL,ENV,19613 N HALSTED,19613 N HALSTED,Chicago,IL, 
U, ,0,0,5732,64489920,5/2/14 0:00,2014,12,CPD,940060,PARK/STAND ON BICYCLE PATH,0,IL,PAS,2029 S HALSTD,2029 S HALSTED,Chicago,IL, 
U, ,0,0,3487,63221044,6/10/13 0:00,2013,1,CPD,940060,PARK/STAND ON BICYCLE PATH,0,IL,PAS,210 S DESLAIENS,210 S DESPLAINES,Chicago,IL, 
U, ,0,0,6586,66275880,10/24/15 0:00,2015,18,CPD,940060,PARK/STAND ON BICYCLE PATH,0,IL,PAS,212 W INZIE,212 W KINZIE,Chicago,IL, 
U, ,0,0,5557,63459633,11/18/13 0:00,2013,12,CPD,940060,PARK/STAND ON BICYCLE PATH,0,IL,PAS,2129 S HASLTED,2129 S HALSTED,Chicago,IL, 
U, ,0,0,5804,64845997,5/23/14 0:00,2014,12,CPD,940060,PARK/STAND ON BICYCLE PATH,0,IL,PAS,2137 S HALSED,2137 S HALSTED,Chicago,IL, 
U, ,0,0,3765,63462116,2/14/14 0:00,2014,12,CPD,940060,PARK/STAND ON BICYCLE PATH,0,IL,PAS,2137 S HASLTED ST,2137 S HALSTED,Chicago,IL, 
U, ,0,0,6199,65047685,11/6/14 0:00,2014,12,CPD,940060,PARK/STAND ON BICYCLE PATH,0,IL,PAS,2139 S HALSTEDS T,2139 S HALSTED,Chicago,IL, 
U, ,0,0,3910,64492330,4/9/14 0:00,2014,12,CPD,940060,PARK/STAND ON BICYCLE PATH,0,IL,MCY,2144 S HALTED,2144 S HALSTED,Chicago,IL, 
U, ,0,0,3805,64490821,2/28/14 0:00,2014,12,CPD,940060,PARK/STAND ON BICYCLE PATH,4974157,IL,PAS,2145 S HASLTED,2145 S HALSTED,Chicago,IL, 
U, ,0,0,601,48127288,7/12/07 0:00,2007,494,CPD,940060,PARK/STAND ON BICYCLE PATH,0,IL,PAS,225 S CAAL,225 S CAAL,Chicago,IL, 
U, ,0,0,1061,55140983,8/6/08 0:00,2008,18,CPD,940060,PARK/STAND ON BICYCLE PATH,5353894,IL,PAS,2274 N LINCOLNS,2274 N LINCOLN,Chicago,IL, 
U, ,0,0,4207,65261637,5/23/15 0:00,2015,10,CPD,940060,PARK/STAND ON BICYCLE PATH,0,IL,PAS,2313 S BLEU ISLAND,2313 S BLUE ISLAND,Chicago,IL, 
U, ,0,0,1542,65664902,2/13/15 0:00,2015,8,CPD,940060,PARK/STAND ON BICYCLE PATH,0,IL,PAS,2430 W 63TH,2430 W 63RD,Chicago,IL, 
U, ,0,0,1416,62951128,4/28/13 0:00,2013,1,CPD,940060,PARK/STAND ON BICYCLE PATH,0,IL,PAS,2557 S FT DEARBORN DR,2557 S FORT DEARBORN DR,Chicago,IL, 
U, ,0,0,1781,65833485,4/13/15 0:00,2015,1,CPD,940060,PARK/STAND ON BICYCLE PATH,0,IL,PAS,2601 S FORT DEARBORN DR,2601 S FORT DEARBORN DR,Chicago,IL, 
U, ,0,0,4787,67317587,8/16/16 0:00,2016,1,CPD,940060,PARK/STAND ON BICYCLE PATH,0,IL,PAS,2641 S FT DEARBORN DR,2641 S FORT DEARBORN DR,Chicago,IL, 
U, ,0,0,3479,62703072,6/5/13 0:00,2013,9,CPD,940060,PARK/STAND ON BICYCLE PATH,0,IL,TOW,2753 S ARCHR,2753 S ARCHER,Chicago,IL, 
U, ,0,0,4476,66093423,7/26/15 0:00,2015,1,CPD,940060,PARK/STAND ON BICYCLE PATH,0,IL,PAS,2800 S FORTE DEARBORN DR,2800 S FORT DEARBORN DR,Chicago,IL, 
U, ,0,0,6913,67137499,5/27/16 0:00,2016,11,CPD,940060,PARK/STAND ON BICYCLE PATH,0,IL,PAS,2853 S MARSHALL,2853 S MARSHALL,Chicago,IL, 
U, ,0,0,4540,67137498,5/27/16 0:00,2016,11,CPD,940060,PARK/STAND ON BICYCLE PATH,0,IL,PAS,2901 S MARSHALL,2901 S MARSHALL,Chicago,IL, 
U, ,0,0,625,52325621,7/28/07 0:00,2007,13,CPD,940060,PARK/STAND ON BICYCLE PATH,8439495,IL,PAS,295 W WARREN,295 W WARREN,Chicago,IL, 
U, ,0,0,6317,66206596,8/18/15 0:00,2015,8,CPD,940060,PARK/STAND ON BICYCLE PATH,6377718,IL,PAS,29573 W MARQUETTE RD,29573 W MARQUETTE RD,Chicago,IL, 
U, ,0,0,4962,59675614,6/24/11 0:00,2011,9,CPD,940060,PARK/STAND ON BICYCLE PATH,8531139,IL,PAS,2958 S HALSETD ST,2958 S HALSTED ST,Chicago,IL, 
U, ,0,0,3821,64411774,3/7/14 0:00,2014,1,CPD,940060,PARK/STAND ON BICYCLE PATH,0,IL,PAS,30 S DESPLAIENS,30 S DESPLAINES,Chicago,IL, 
U, ,0,0,4474,66093421,7/26/15 0:00,2015,1,CPD,940060,PARK/STAND ON BICYCLE PATH,0,IL,PAS,3000 S FORT DEARBORN,3000 S FORT DEARBORN,Chicago,IL, 
U, ,0,0,4475,66093422,7/26/15 0:00,2015,1,CPD,940060,PARK/STAND ON BICYCLE PATH,0,IL,PAS,3000 S FORT DEARBORN DR,3000 S FORT DEARBORN DR,Chicago,IL, 
U, ,0,0,4115,65238136,9/9/14 0:00,2014,11,CPD,940060,PARK/STAND ON BICYCLE PATH,0,IL,TRK,3220 W FRANKLKIN BLVD,3220 W FRANKLKIN BLVD,Chicago,IL, 
U, ,0,0,2929,58075256,6/6/10 0:00,2010,8,CPD,940060,PARK/STAND ON BICYCLE PATH,0,IL,TMP,3315 W MARGUETTE ROAD,3315 W MARQUETTE ROAD,Chicago,IL, 
U, ,0,0,4895,58300143,11/2/10 0:00,2010,23,CPD,940060,PARK/STAND ON BICYCLE PATH,9148338,IL,PAS,3400 N BIKE PATH,3400 N BIKE PATH,Chicago,IL, 
U, ,0,0,1479,65511203,1/26/15 0:00,2015,11,CPD,940060,PARK/STAND ON BICYCLE PATH,3491601,IL,PAS,3408 W LAKES T,3408 W LAKES T,Chicago,IL, 
U, ,0,0,1439,62816309,4/28/13 0:00,2013,11,CPD,940060,PARK/STAND ON BICYCLE PATH,0,IL,PAS,3416 W ALKE,3416 W ALKE,Chicago,IL, 
U, ,0,0,2450,54444129,3/23/08 0:00,2008,23,CPD,940060,PARK/STAND ON BICYCLE PATH,0,IL,TXI,35369 N CLARK,35369 N CLARK,Chicago,IL, 
U, ,0,0,583,51460396,7/17/07 0:00,2007,19,CPD,940060,PARK/STAND ON BICYCLE PATH,0,IL,TXI,35430 N CLARK,35430 N CLARK,Chicago,IL, 
U, ,0,0,4877,58571207,10/6/10 0:00,2010,21,CPD,940060,PARK/STAND ON BICYCLE PATH,7086820,IL,PAS,3600 S COTTAGE,3600 S COTTAGE,Chicago,IL, 
U, ,0,0,5100,61312778,9/16/12 0:00,2012,11,CPD,940060,PARK/STAND ON BICYCLE PATH,9809605,IL,PAS,3630 W JACKOSN,3630 W JACKSON,Chicago,IL, 
U, ,0,0,3427,61298742,8/5/12 0:00,2012,11,CPD,940060,PARK/STAND ON BICYCLE PATH,0,IL,PAS,3630 W JACKSO3N,3630 W JACKSON,Chicago,IL, 
U, ,0,0,5101,61312779,9/16/12 0:00,2012,11,CPD,940060,PARK/STAND ON BICYCLE PATH,0,IL,PAS,3631 W JACKOSN,3631 W JACKSON,Chicago,IL, 
U, ,0,0,5102,61312780,9/16/12 0:00,2012,11,CPD,940060,PARK/STAND ON BICYCLE PATH,0,IL,PAS,3633 W JACKOSN,3633 W JACKSON,Chicago,IL, 
U, ,0,0,5103,61312781,9/16/12 0:00,2012,11,CPD,940060,PARK/STAND ON BICYCLE PATH,0,IL,TRK,3633 W JACKOSN,3633 W JACKSON,Chicago,IL, 
U, ,0,0,5104,61312782,9/16/12 0:00,2012,11,CPD,940060,PARK/STAND ON BICYCLE PATH,9576330,IL,PAS,3635 W JACKOSN,3635 W JACKSON,Chicago,IL, 
U, ,0,0,5098,61312776,9/16/12 0:00,2012,11,CPD,940060,PARK/STAND ON BICYCLE PATH,0,IL,PAS,3637 W JACKOSN,3637 W JACKSON,Chicago,IL, 
U, ,0,0,1411,62815059,4/28/13 0:00,2013,11,CPD,940060,PARK/STAND ON BICYCLE PATH,0,IL,PAS,3659 W JACKOSN,3659 W JACKSON,Chicago,IL, 
U, ,0,0,6712,66666236,3/24/16 0:00,2016,10,CPD,940060,PARK/STAND ON BICYCLE PATH,0,IL,PAS,3700 W DOUGALS BLVD,3700 W DOUGLAS BLVD,Chicago,IL, 
U, ,0,0,4402,66095439,7/4/15 0:00,2015,412,CPD-Other,940060,PARK/STAND ON BICYCLE PATH,6483411,IL,PAS,3703 E 100TH,3703 E 100TH,Chicago,IL, 
U, ,0,0,5394,61993775,1/9/13 0:00,2013,4,CPD,940060,PARK/STAND ON BICYCLE PATH,0,IL,PAS,3705 E 100TH ST,3705 E 100TH ST,Chicago,IL, 
U, ,0,0,4011,64697642,8/10/14 0:00,2014,4,CPD,940060,PARK/STAND ON BICYCLE PATH,0,IL,PAS,3711 E 100TH ST,3711 E 100TH ST,Chicago,IL, 
U, ,0,0,4380,65992048,7/4/15 0:00,2015,412,CPD-Other,940060,PARK/STAND ON BICYCLE PATH,0,IL,PAS,3711 E 100TH T,3711 E 100TH T,Chicago,IL, 
U, ,0,0,4379,65981864,7/4/15 0:00,2015,412,CPD-Other,940060,PARK/STAND ON BICYCLE PATH,0,IL,PAS,3715 E 100ST,3715 E 100TH,Chicago,IL, 
U, ,0,0,3342,61494097,7/14/12 0:00,2012,4,CPD,940060,PARK/STAND ON BICYCLE PATH,2116317,IL,PAS,3727 E 100TH ST,3727 E 100TH ST,Chicago,IL, 
U, ,0,0,4614,66869746,6/23/16 0:00,2016,4,CPD,940060,PARK/STAND ON BICYCLE PATH,0,IN,PAS,3731 E 100TH ST,3731 E 100TH ST,Chicago,IL, 
U, ,0,0,3434,61501207,8/19/12 0:00,2012,4,CPD,940060,PARK/STAND ON BICYCLE PATH,0,IL,TRK,3733 E 100TH ST,3733 E 100TH ST,Chicago,IL, 
U, ,0,0,823,53158429,10/26/07 0:00,2007,23,CPD,940060,PARK/STAND ON BICYCLE PATH,0,IL,PAS,3740 N HASLTED,3740 N HALSTED,Chicago,IL, 
U, ,0,0,5494,63498727,10/13/13 0:00,2013,11,CPD,940060,PARK/STAND ON BICYCLE PATH,0,IL,PAS,3742 W JCKSON,3742 W JACKSON,Chicago,IL, 
U, ,0,0,2516,54511227,5/12/08 0:00,2008,23,CPD,940060,PARK/STAND ON BICYCLE PATH,0,IL,PAS,3812 N BROADWAY,3812 N BROADWAY,Chicago,IL, 
U, ,0,0,920,54768506,5/23/08 0:00,2008,23,CPD,940060,PARK/STAND ON BICYCLE PATH,0,IL,PAS,3813 N BROADWAY,3813 N BROADWAY,Chicago,IL, 
U, ,0,0,477,51835067,3/26/07 0:00,2007,11,CPD,940060,PARK/STAND ON BICYCLE PATH,7664487,IL,PAS,3830 W SHRADER DR,3830 W SHRADER DR,Chicago,IL, 
U, ,0,0,264,50337602,7/14/06 0:00,2006,21,CPD,940060,PARK/STAND ON BICYCLE PATH,2285094,IL,PAS,3901 S 3LAKE SHORE DR,3901 S LAKE SHORE DR,Chicago,IL, 
U, ,0,0,475,52055888,3/25/07 0:00,2007,21,CPD,940060,PARK/STAND ON BICYCLE PATH,3076506,IL,PAS,4000 S LAKE SHORE DR,4000 S LAKE SHORE DR,Chicago,IL, 
U, ,0,0,476,52055889,3/25/07 0:00,2007,21,CPD,940060,PARK/STAND ON BICYCLE PATH,0,IL,TMP,4000 S LAKE SHORE DR,4000 S LAKE SHORE DR,Chicago,IL, 
U, ,0,0,3012,58628360,8/7/10 0:00,2010,21,CPD,940060,PARK/STAND ON BICYCLE PATH,0,IL,MCY,4000 S LAKE SHORE DR,4000 S LAKE SHORE DR,Chicago,IL, 
U, ,0,0,4738,67000708,7/24/16 0:00,2016,2,CPD,940060,PARK/STAND ON BICYCLE PATH,0,IL,PAS,4000 S LAKE SHORE DR,4000 S LAKE SHORE DR,Chicago,IL, 
U, ,0,0,166,50032019,6/3/06 0:00,2006,21,CPD,940060,PARK/STAND ON BICYCLE PATH,6948579,IL,PAS,4001 S LAKE SHORE DR,4001 S LAKE SHORE DR,Chicago,IL, 
U, ,0,0,3951,64616111,7/4/14 0:00,2014,2,CPD,940060,PARK/STAND ON BICYCLE PATH,0,IL,PAS,4001 S LAKE SHORE DR,4001 S LAKE SHORE DR,Chicago,IL, 
U, ,0,0,534,52064042,5/24/07 0:00,2007,10,CPD,940060,PARK/STAND ON BICYCLE PATH,4617564,IL,PAS,4010 W 26THS T,4010 W 26TH,Chicago,IL, 
U, ,0,0,4885,58282755,7/21/10 0:00,2010,11,CPD,940060,PARK/STAND ON BICYCLE PATH,0,IL,PAS,4022 W WASHINGTNO,4022 W WASHINGTON,Chicago,IL, 
U, ,0,0,3819,64433621,3/5/14 0:00,2014,11,CPD,940060,PARK/STAND ON BICYCLE PATH,0,IL,PAS,4038 W MADIOSN,4038 W MADISON,Chicago,IL, 
U, ,0,0,2290,53571261,1/29/08 0:00,2008,10,CPD,940060,PARK/STAND ON BICYCLE PATH,8039227,IL,PAS,4055 W 26THS T,4055 W 26TH,Chicago,IL, 
U, ,0,0,1464,63120898,5/17/13 0:00,2013,15,CPD,940060,PARK/STAND ON BICYCLE PATH,5173838,IL,PAS,4100 N NARRAGNASETT,4100 N Narragansett,Chicago,IL, 
U, ,0,0,3261,61250488,6/8/12 0:00,2012,2,CPD,940060,PARK/STAND ON BICYCLE PATH,0,IL,PAS,4101 S LAKESHORE DR,4101 S LAKE SHORE DR,Chicago,IL, 
U, ,0,0,2289,53571257,1/29/08 0:00,2008,10,CPD,940060,PARK/STAND ON BICYCLE PATH,1270980,IL,PAS,4122 W 26THS T,4122 W 26Th,Chicago,IL, 
U, ,0,0,183,50218426,6/10/06 0:00,2006,10,CPD,940060,PARK/STAND ON BICYCLE PATH,2756903,IL,PAS,4225 W 26ST,4225 W 26TH,Chicago,IL, 
U, ,0,0,2286,53456161,1/26/08 0:00,2008,10,CPD,940060,PARK/STAND ON BICYCLE PATH,6262588,IL,PAS,4226 W 26THS T,4226 W 26TH,Chicago,IL, 
U, ,0,0,1900,66380067,10/31/15 0:00,2015,15,CPD,940060,PARK/STAND ON BICYCLE PATH,0,IL,PAS,4227 W MADISO,4227 W MADISON,Chicago,IL, 
U, ,0,0,2778,56981166,6/28/09 0:00,2009,20,CPD,940060,PARK/STAND ON BICYCLE PATH,0,IL,PAS,4400 N SIMMONS,4400 N SIMMONS,Chicago,IL, 
U, ,0,0,88,49493907,4/3/06 0:00,2006,21,CPD,940060,PARK/STAND ON BICYCLE PATH,7879863,IL,PAS,442 S DREXEL,442 S DREXEL,Chicago,IL, 
U, ,0,0,3264,61526527,6/24/12 0:00,2012,19,CPD,940060,PARK/STAND ON BICYCLE PATH,0,IL,PAS,4421 N SIMONDS DR,4421 N SIMONDS DR,Chicago,IL, 
U, ,0,0,5532,63723139,11/2/13 0:00,2013,12,CPD,940060,PARK/STAND ON BICYCLE PATH,0,IL,PAS,449 W TAYLOR,449 W TAYLOR,Chicago,IL, 
U, ,0,0,2472,54382581,4/5/08 0:00,2008,21,CPD,940060,PARK/STAND ON BICYCLE PATH,0,IL,PAS,462 S DREXEL,462 S DREXEL,Chicago,IL, 
U, ,0,0,2513,54717564,5/5/08 0:00,2008,21,CPD,940060,PARK/STAND ON BICYCLE PATH,0,IL,PAS,462 S DREXEL BLVD,462 S DREXEL BLVD,Chicago,IL, 
U, ,0,0,3112,59484937,4/9/11 0:00,2011,23,CPD,940060,PARK/STAND ON BICYCLE PATH,6935179,IL,PAS,4625 N SIMONDS,4625 N SIMONDS DR,Chicago,IL, 
U, ,0,0,6768,66821854,4/10/16 0:00,2016,192,CPD-Other,940060,PARK/STAND ON BICYCLE PATH,0,MN,PAS,4811 W ALKE,4811 W ALKE,Chicago,IL, 
U, ,0,0,2492,54433819,4/22/08 0:00,2008,3,CPD,940060,PARK/STAND ON BICYCLE PATH,8142756,IL,PAS,4855 S SHORE DRIVE,4855 S SHORE DRIVE,Chicago,IL, 
U, ,0,0,6341,65457730,8/16/15 0:00,2015,17,CPD,940060,PARK/STAND ON BICYCLE PATH,0,IL,PAS,4900 N ELESTON,4900 N ELSTON,Chicago,IL, 
U, ,0,0,2452,54369741,3/24/08 0:00,2008,21,CPD,940060,PARK/STAND ON BICYCLE PATH,8566549,IL,PAS,4917 S DREX,4917 S DREX,Chicago,IL, 
U, ,0,0,649,52523307,8/4/07 0:00,2007,1,CPD,940060,PARK/STAND ON BICYCLE PATH,0,IL,PAS,500 E 21ST,500 E 21ST,Chicago,IL, 
U, ,0,0,4774,67001718,8/7/16 0:00,2016,2,CPD,940060,PARK/STAND ON BICYCLE PATH,0,IL,PAS,5049 S ELLSWORTH AVE,5049 S ELLSWORTH AVE,Chicago,IL, 
U, ,0,0,4775,67003350,8/7/16 0:00,2016,2,CPD,940060,PARK/STAND ON BICYCLE PATH,0,IL,PAS,5051 S ELLSWORTH,5051 S ELLSWORTH,Chicago,IL, 
U, ,0,0,4371,66139804,7/4/15 0:00,2015,19,CPD,940060,PARK/STAND ON BICYCLE PATH,0,IL,PAS,510 W WILSON,510 W WILSON,Chicago,IL, 
U, ,0,0,3598,63524142,8/5/13 0:00,2013,20,CPD,940060,PARK/STAND ON BICYCLE PATH,0,IL,PAS,5100 N SIMONDS DR,5100 N SIMONDS DR DR,Chicago,IL, 
U, ,0,0,3523,63326413,7/14/13 0:00,2013,20,CPD,940060,PARK/STAND ON BICYCLE PATH,0,IL,PAS,5101 N SIMONDS DR,5101 N SIMONDS DR DR,Chicago,IL, 
U, ,0,0,5017,0,1/10/12 0:00,2012,145,CPD-Other,940060,PARK/STAND ON BICYCLE PATH,0,IL,PAS,5101 S 123 MAIN ST,5101 S 123 MAIN ST,Chicago,IL, 
U, ,0,0,4840,57016760,8/8/10 0:00,2010,2,CPD,940060,PARK/STAND ON BICYCLE PATH,8628925,IL,PAS,5113 S ELLSWORTH,5113 S ELLSWORTH,Chicago,IL, 
U, ,0,0,2939,0,6/10/10 0:00,2010,21,CPD,940060,PARK/STAND ON BICYCLE PATH,0,IL,PAS,5117 S DREXEL BLVD,5117 S DREXEL BLVD,Chicago,IL, 
U, ,0,0,5933,64613686,6/18/14 0:00,2014,2,CPD,940060,PARK/STAND ON BICYCLE PATH,1378003,IL,PAS,5117 S ELLSWORTH,5117 S ELLSWORTH,Chicago,IL, 
U, ,0,0,408,51604384,1/10/07 0:00,2007,21,CPD,940060,PARK/STAND ON BICYCLE PATH,0,IL,TXI,5122 E 26STREET,5122 E 26STREET,Chicago,IL, 
U, ,0,0,4776,67003352,8/7/16 0:00,2016,2,CPD,940060,PARK/STAND ON BICYCLE PATH,0,IL,TRK,5131 S ST LAWRENCE,5131 S SAINT LAWRENCE,Chicago,IL, 
U, ,0,0,4037,65089271,8/6/14 0:00,2014,15,CPD,940060,PARK/STAND ON BICYCLE PATH,0,IL,PAS,5144 W MDISON,5144 W MADISON,Chicago,IL, 
U, ,0,0,4986,59842731,7/22/11 0:00,2011,20,CPD,940060,PARK/STAND ON BICYCLE PATH,0,TN,PAS,5200 N SIMONDS,5200 N SIMONDS DR,Chicago,IL, 
U, ,0,0,6406,66176590,9/13/15 0:00,2015,20,CPD,940060,PARK/STAND ON BICYCLE PATH,0,IL,PAS,5200 N SIMONDS,5200 N SIMONDS DR,Chicago,IL, 
U, ,0,0,38,49406469,2/21/06 0:00,2006,20,CPD,940060,PARK/STAND ON BICYCLE PATH,0,WI,PAS,5201 N SIMONDS DR,5201 N SIMONDS DR,Chicago,IL, 
U, ,0,0,519,52320451,5/4/07 0:00,2007,21,CPD,940060,PARK/STAND ON BICYCLE PATH,7441906,IL,PAS,523 S DREXEL BLVD,523 S DREXEL BLVD,Chicago,IL, 
U, ,0,0,2958,58429144,6/26/10 0:00,2010,21,CPD,940060,PARK/STAND ON BICYCLE PATH,8447920,IL,PAS,5251 S HDYE PARK,5251 S HYDE PARK,Chicago,IL, 
U, ,0,0,5549,63370108,11/11/13 0:00,2013,7,CPD,940060,PARK/STAND ON BICYCLE PATH,5245701,IL,PAS,528 W MARQUETT,528 W MARQUETTE,Chicago,IL, 
U, ,0,0,3439,61262491,8/10/12 0:00,2012,2,CPD,940060,PARK/STAND ON BICYCLE PATH,0,IL,PAS,5300 S ELLSWORTH,5300 S ELLSWORTH,Chicago,IL, 
U, ,0,0,3440,61262493,8/18/12 0:00,2012,2,CPD,940060,PARK/STAND ON BICYCLE PATH,0,IN,PAS,5300 S ELLSWORTH,5300 S ELLSWORTH,Chicago,IL, 
U, ,0,0,982,55298101,7/3/08 0:00,2008,2,CPD,940060,PARK/STAND ON BICYCLE PATH,0,IL,PAS,5304 S PAYNE,5304 S PAYNE,Chicago,IL, 
U, ,0,0,1889,66563893,11/9/15 0:00,2015,15,CPD,940060,PARK/STAND ON BICYCLE PATH,0,IL,PAS,5315 W CORCORAN PL,5315 W CORCORAN PL,Chicago,IL, 
U, ,0,0,1910,66582615,11/10/15 0:00,2015,9,CPD,940060,PARK/STAND ON BICYCLE PATH,0,IL,PAS,5400 S HALSTEDS T,5400 S HALSTED,Chicago,IL, 
U, ,0,0,6569,66280184,10/21/15 0:00,2015,9,CPD,940060,PARK/STAND ON BICYCLE PATH,2113980,IL,PAS,5400 S HALSTEDS T,5400 S HALSTED,Chicago,IL, 
U, ,0,0,6573,66281901,10/14/15 0:00,2015,9,CPD,940060,PARK/STAND ON BICYCLE PATH,0,IL,PAS,5400 S HALSTEDS T,5400 S HALSTED,Chicago,IL, 
U, ,0,0,6666,66758758,3/9/16 0:00,2016,15,CPD,940060,PARK/STAND ON BICYCLE PATH,0,IL,TMP,5421 W MADISO,5421 W MADISON,Chicago,IL, 
U, ,0,0,1360,62924106,3/11/13 0:00,2013,10,CPD,940060,PARK/STAND ON BICYCLE PATH,0,IL,PAS,5447 S DAMNE,5447 S DAMNE,Chicago,IL, 
U, ,0,0,6706,66763041,3/22/16 0:00,2016,15,CPD,940060,PARK/STAND ON BICYCLE PATH,0,IL,TRK,5470 W MADISOS T,5470 W MADISON,Chicago,IL, 
U, ,0,0,2236,67003220,9/5/16 0:00,2016,2,CPD,940060,PARK/STAND ON BICYCLE PATH,0,IL,PAS,5491 S SHORE DR,5491 SOUTH SHORE DR,Chicago,IL, 
U, ,0,0,1246,57015018,10/11/09 0:00,2009,2,CPD,940060,PARK/STAND ON BICYCLE PATH,0,IL,PAS,5500 S ELLSWORTH,5500 S ELLSWORTH,Chicago,IL, 
U, ,0,0,2824,0,8/16/09 0:00,2009,21,CPD,940060,PARK/STAND ON BICYCLE PATH,0,IL,PAS,5501 S LOWER LAKE SHORE,5501 S LOWER LAKE SHORE,Chicago,IL, 
U, ,0,0,1257,57637106,9/25/09 0:00,2009,12,CPD,940060,PARK/STAND ON BICYCLE PATH,0,IL,PAS,551 W FULTON MARKET,551 W FULTON MARKET,Chicago,IL, 
U, ,0,0,4431,65658958,7/12/15 0:00,2015,2,CPD,940060,PARK/STAND ON BICYCLE PATH,0,IL,PAS,5517 S PAYEN DR,5517 S PAYEN DR,Chicago,IL, 
U, ,0,0,1239,57601833,10/2/09 0:00,2009,20,CPD,940060,PARK/STAND ON BICYCLE PATH,158445,IL,TRK,577 N SHERIDAN,577 N SHERIDAN,Chicago,IL, 
U, ,0,0,6033,65403269,10/22/14 0:00,2014,15,CPD,940060,PARK/STAND ON BICYCLE PATH,0,IL,PAS,58111 W MADISON AV,58111 W MADISON AV,Chicago,IL, 
U, ,0,0,230,49618585,7/1/06 0:00,2006,3,CPD,940060,PARK/STAND ON BICYCLE PATH,9769749,IL,PAS,5859 S CORNELL,5859 S CORNELL,Chicago,IL, 
U, ,0,0,412,51604591,1/13/07 0:00,2007,21,CPD,940060,PARK/STAND ON BICYCLE PATH,0,IL,TMP,5917 S DREXEL,5917 S DREXEL,Chicago,IL, 
U, ,0,0,6264,65545025,1/15/15 0:00,2015,15,CPD,940060,PARK/STAND ON BICYCLE PATH,0,IL,PAS,5940 W ALKE,5940 W ALKE,Chicago,IL, 
U, ,0,0,1048,55204583,8/17/08 0:00,2008,20,CPD,940060,PARK/STAND ON BICYCLE PATH,0,IL,TRK,598 W FOSTER,598 W FOSTER,Chicago,IL, 
U, ,0,0,4079,65050425,9/12/14 0:00,2014,12,CPD,940060,PARK/STAND ON BICYCLE PATH,0,IL,PAS,601 N HLASTED,601 N HALSTED,Chicago,IL, 
U, ,0,0,3329,61265794,7/7/12 0:00,2012,2,CPD,940060,PARK/STAND ON BICYCLE PATH,7375815,IL,PAS,604 E RAINEY DR,604 E RAINEY DR,Chicago,IL, 
U, ,0,0,1238,57603366,10/1/09 0:00,2009,216,CPD,940060,PARK/STAND ON BICYCLE PATH,0,IL,PAS,608 N WELSL,608 N WELLS,Chicago,IL, 
U, ,0,0,4780,67315518,8/5/16 0:00,2016,1,CPD,940060,PARK/STAND ON BICYCLE PATH,0,IL,PAS,610 E MCFETRIDGE,610 E MCFETRIDGE,Chicago,IL, 
U, ,0,0,4781,67315519,8/5/16 0:00,2016,1,CPD,940060,PARK/STAND ON BICYCLE PATH,6916593,IL,PAS,610 E MCFETRIDGE,610 E MCFETRIDGE,Chicago,IL, 
U, ,0,0,3335,61265803,7/7/12 0:00,2012,2,CPD,940060,PARK/STAND ON BICYCLE PATH,0,IL,TXI,610 E RAINEY DR,610 E RAINEY DR,Chicago,IL, 
U, ,0,0,3333,61265800,7/1/12 0:00,2012,2,CPD,940060,PARK/STAND ON BICYCLE PATH,0,IL,PAS,620 E RAINEY DR,620 E RAINEY DR,Chicago,IL, 
U, ,0,0,3339,61265808,7/8/12 0:00,2012,2,CPD,940060,PARK/STAND ON BICYCLE PATH,0,IL,PAS,620 E RAINEY DR,620 E RAINEY DR,Chicago,IL, 
U, ,0,0,3150,60597683,10/5/11 0:00,2011,24,CPD,940060,PARK/STAND ON BICYCLE PATH,0,IL,TXI,621 N KENMORE,621 N KENMORE,Chicago,IL, 
U, ,0,0,4032,64544432,8/21/14 0:00,2014,9,CPD,940060,PARK/STAND ON BICYCLE PATH,0,IL,PAS,624 W 26THS T,624 W 26THS T,Chicago,IL, 
U, ,0,0,140,50033377,5/6/06 0:00,2006,3,CPD,940060,PARK/STAND ON BICYCLE PATH,9647689,IL,PAS,6300 S HAYES,6300 S HAYES,Chicago,IL, 
U, ,0,0,2758,57061004,6/20/09 0:00,2009,3,CPD,940060,PARK/STAND ON BICYCLE PATH,0,IL,PAS,6301 S CORNELL,6301 S CORNELL,Chicago,IL, 
U, ,0,0,2759,57061005,6/20/09 0:00,2009,3,CPD,940060,PARK/STAND ON BICYCLE PATH,9699995,IL,PAS,6301 S CORNELL,6301 S CORNELL,Chicago,IL, 
U, ,0,0,2760,57061006,6/20/09 0:00,2009,3,CPD,940060,PARK/STAND ON BICYCLE PATH,0,IL,PAS,6301 S CORNELL,6301 S CORNELL,Chicago,IL, 
U, ,0,0,2761,57061007,6/20/09 0:00,2009,3,CPD,940060,PARK/STAND ON BICYCLE PATH,3586116,IL,PAS,6301 S CORNELL,6301 S CORNELL,Chicago,IL, 
U, ,0,0,2762,57061009,6/20/09 0:00,2009,3,CPD,940060,PARK/STAND ON BICYCLE PATH,0,IL,TMP,6301 S CORNELL,6301 S CORNELL,Chicago,IL, 
U, ,0,0,3265,61194154,6/24/12 0:00,2012,3,CPD,940060,PARK/STAND ON BICYCLE PATH,0,IL,PAS,6302 S CORNELL AVE,6302 S CORNELL AVE,Chicago,IL, 
U, ,0,0,2754,57060904,6/18/09 0:00,2009,3,CPD,940060,PARK/STAND ON BICYCLE PATH,0,IL,PAS,6307 S CORNELL,6307 S CORNELL,Chicago,IL, 
U, ,0,0,3338,61265807,7/8/12 0:00,2012,2,CPD,940060,PARK/STAND ON BICYCLE PATH,0,IL,PAS,636 E RAINEY DR,636 E RAINEY DR,Chicago,IL, 
U, ,0,0,3328,61265793,7/7/12 0:00,2012,2,CPD,940060,PARK/STAND ON BICYCLE PATH,0,IL,PAS,638 E RAINEY DR,638 E RAINEY DR,Chicago,IL, 
U, ,0,0,3337,61265806,7/8/12 0:00,2012,2,CPD,940060,PARK/STAND ON BICYCLE PATH,0,IL,PAS,638 E RAINEY RD,638 E RAINEY RD,Chicago,IL, 
U, ,0,0,3336,61265805,7/8/12 0:00,2012,2,CPD,940060,PARK/STAND ON BICYCLE PATH,0,IL,PAS,640 E RAINEY DR,640 E RAINEY DR,Chicago,IL, 
U, ,0,0,3327,61265792,7/7/12 0:00,2012,2,CPD,940060,PARK/STAND ON BICYCLE PATH,0,WI,PAS,640 S RAINEY DR,640 S RAINEY DR,Chicago,IL, 
U, ,0,0,3332,61265797,7/7/12 0:00,2012,2,CPD,940060,PARK/STAND ON BICYCLE PATH,0,IL,PAS,642 E RAINEY DR,642 E RAINEY DR,Chicago,IL, 
U, ,0,0,5916,64791684,6/15/14 0:00,2014,24,CPD,940060,PARK/STAND ON BICYCLE PATH,1431310,IL,PAS,6621 N WINTHROP,6621 N WINTHROP,Chicago,IL, 
U, ,0,0,4767,67315520,8/5/16 0:00,2016,1,CPD,940060,PARK/STAND ON BICYCLE PATH,3427570,IL,PAS,670 E MCFETRIDGE,670 E MCFETRIDGE,Chicago,IL, 
U, ,0,0,3334,61265801,7/7/12 0:00,2012,2,CPD,940060,PARK/STAND ON BICYCLE PATH,0,IL,HCP,678 E RAINEY DR,678 E RAINEY DR,Chicago,IL, 
U, ,0,0,5819,64627665,5/26/14 0:00,2014,18,CPD,940060,PARK/STAND ON BICYCLE PATH,0,IL,TXI,68 E RUSH,68 E RUSH,Chicago,IL, 
U, ,0,0,3319,61198057,7/6/12 0:00,2012,3,CPD,940060,PARK/STAND ON BICYCLE PATH,0,IL,TMP,69 S SOUTH CHICAGO,69 S SOUTH CHICAGO,Chicago,IL, 
U, ,0,0,5538,63295703,11/2/13 0:00,2013,7,CPD,940060,PARK/STAND ON BICYCLE PATH,0,IL,PAS,70588 S VINCENNES,70588 S VINCENNES,Chicago,IL, 
U, ,0,0,5536,62842666,11/2/13 0:00,2013,7,CPD,940060,PARK/STAND ON BICYCLE PATH,0,IL,PAS,7100 S VINCENNES,7100 S VINCENNES,Chicago,IL, 
U, ,0,0,845,53103538,11/11/07 0:00,2007,10,CPD,940060,PARK/STAND ON BICYCLE PATH,9472091,IL,PAS,7146 W 26TH ST,7146 W 26TH ST,Chicago,IL, 
U, ,0,0,2500,54332248,4/26/08 0:00,2008,3,CPD,940060,PARK/STAND ON BICYCLE PATH,0,IN,PAS,7251 S SHORE DRIVE,7251 SOUTH SHORE DRIVE,Chicago,IL, 
U, ,0,0,4886,58453163,10/22/10 0:00,2010,7,CPD,940060,PARK/STAND ON BICYCLE PATH,0,IL,PAS,732 N MRQUETTE,732 N MARQUETTE,Chicago,IL, 
U, ,0,0,5078,61253658,5/15/12 0:00,2012,2,CPD,940060,PARK/STAND ON BICYCLE PATH,0,IL,PAS,744 E OAKDWOOD,744 E OAKWOOD,Chicago,IL, 
U, ,0,0,5088,61162638,9/14/12 0:00,2012,2,CPD,940060,PARK/STAND ON BICYCLE PATH,7367955,IL,PAS,744 E OAKDWOOD,744 E OAKWOOD,Chicago,IL, 
U, ,0,0,3204,61253663,5/23/12 0:00,2012,2,CPD,940060,PARK/STAND ON BICYCLE PATH,0,IL,PAS,744 E OAKWODO,744 E OAKWOOD,Chicago,IL, 
U, ,0,0,3248,61261000,6/10/12 0:00,2012,2,CPD,940060,PARK/STAND ON BICYCLE PATH,0,IL,PAS,744 E OAKWODO,744 E OAKWOOD,Chicago,IL, 
U, ,0,0,5047,61249154,3/17/12 0:00,2012,2,CPD,940060,PARK/STAND ON BICYCLE PATH,0,IL,PAS,744 E OAKWODO,744 E OAKWOOD,Chicago,IL, 
U, ,0,0,5082,61162631,9/11/12 0:00,2012,2,CPD,940060,PARK/STAND ON BICYCLE PATH,0,IL,PAS,744 E OAKWODO,744 E OAKWOOD,Chicago,IL, 
U, ,0,0,2487,54332241,4/12/08 0:00,2008,3,CPD,940060,PARK/STAND ON BICYCLE PATH,0,IL,TMP,7456 S SHORE DRIVE,7456 SOUTH SHORE DRIVE,Chicago,IL, 
U, ,0,0,3421,61268441,8/1/12 0:00,2012,2,CPD,940060,PARK/STAND ON BICYCLE PATH,5784311,IL,PAS,746 E OAKDWOOD,746 E OAKWOOD,Chicago,IL, 
U, ,0,0,3278,61263517,6/25/12 0:00,2012,2,CPD,940060,PARK/STAND ON BICYCLE PATH,0,IL,PAS,746 E OAKWODO,746 E OAKWOOD,Chicago,IL, 
U, ,0,0,5265,61168273,11/19/12 0:00,2012,2,CPD,940060,PARK/STAND ON BICYCLE PATH,0,IL,PAS,746 E OAKWODO,746 E OAKWOOD,Chicago,IL, 
U, ,0,0,5426,63487350,9/21/13 0:00,2013,2,CPD,940060,PARK/STAND ON BICYCLE PATH,0,IL,PAS,746 E OAKWODO,746 E OAKWOOD,Chicago,IL, 
U, ,0,0,5469,63678025,9/26/13 0:00,2013,2,CPD,940060,PARK/STAND ON BICYCLE PATH,0,IL,TMP,746 E OAKWODO,746 E OAKWOOD,Chicago,IL, 
U, ,0,0,5833,64738422,5/25/14 0:00,2014,2,CPD,940060,PARK/STAND ON BICYCLE PATH,0,IL,PAS,748 E OAKWODO,748 E OAKWOOD,Chicago,IL, 
U, ,0,0,1401,63058690,4/22/13 0:00,2013,2,CPD,940060,PARK/STAND ON BICYCLE PATH,0,IL,PAS,748 E OAKDWOOD AVE,748 E OAKWOOD AVE,Chicago,IL, 
U, ,0,0,3481,62884229,6/9/13 0:00,2013,2,CPD,940060,PARK/STAND ON BICYCLE PATH,0,IL,PAS,748 E OAKDWOOD BLVD,748 E OAKWOOD BLVD,Chicago,IL, 
U, ,0,0,244,49455443,7/9/06 0:00,2006,55,CPD,940060,PARK/STAND ON BICYCLE PATH,9792399,IL,PAS,750 S -COLUMBUS,750 S COLUMBUS,Chicago,IL, 
U, ,0,0,3194,61256587,5/20/12 0:00,2012,2,CPD,940060,PARK/STAND ON BICYCLE PATH,0,IL,PAS,750 S OAKDWOOD BLVD,750 S OAKWOOD BLVD,Chicago,IL, 
U, ,0,0,3195,61256588,5/20/12 0:00,2012,2,CPD,940060,PARK/STAND ON BICYCLE PATH,0,IN,PAS,750 S OAKDWOOD BLVD,750 S OAKWOOD BLVD,Chicago,IL, 
U, ,0,0,3208,61256610,5/24/12 0:00,2012,2,CPD,940060,PARK/STAND ON BICYCLE PATH,0,IL,PUR,750 S OAKDWOOD BLVD,750 S OAKWOOD BLVD,Chicago,IL, 
U, ,0,0,5067,61253648,4/15/12 0:00,2012,2,CPD,940060,PARK/STAND ON BICYCLE PATH,0,IL,PAS,760 E OAKWODO,760 E OAKWOOD,Chicago,IL, 
U, ,0,0,3324,61263529,7/8/12 0:00,2012,2,CPD,940060,PARK/STAND ON BICYCLE PATH,5661296,IL,PAS,762 E OAKWODO,762 E OAKWOOD,Chicago,IL, 
U, ,0,0,3325,61263530,7/8/12 0:00,2012,2,CPD,940060,PARK/STAND ON BICYCLE PATH,0,IL,TMP,762 E OAKWODO,762 E OAKWOOD,Chicago,IL, 
U, ,0,0,3251,61261010,6/10/12 0:00,2012,2,CPD,940060,PARK/STAND ON BICYCLE PATH,0,IL,PAS,764 E OAKWODO,764 E OAKWOOD,Chicago,IL, 
U, ,0,0,5085,61162635,9/14/12 0:00,2012,2,CPD,940060,PARK/STAND ON BICYCLE PATH,0,IL,PAS,766 E OAKWODO,766 E OAKWOOD,Chicago,IL, 
U, ,0,0,2980,58173618,7/18/10 0:00,2010,9,CPD,940060,PARK/STAND ON BICYCLE PATH,0,IL,PAS,767 W 26ST,767 W 26TH,Chicago,IL, 
U, ,0,0,204,50279317,6/15/06 0:00,2006,4,CPD,940060,PARK/STAND ON BICYCLE PATH,4779331,IL,PAS,7701 S SHORE DR,7701 SOUTH SHORE DR,Chicago,IL, 
U, ,0,0,310,50724141,8/29/06 0:00,2006,4,CPD,940060,PARK/STAND ON BICYCLE PATH,5402970,IL,PAS,7935 S SHORE DR,7935 SOUTH SHORE DR,Chicago,IL, 
U, ,0,0,589,52623038,7/19/07 0:00,2007,21,CPD,940060,PARK/STAND ON BICYCLE PATH,9668854,IL,PAS,806 E OAKDWOOD BLVD,806 E OAKWOOD BLVD,Chicago,IL, 
U, ,0,0,590,52623039,7/19/07 0:00,2007,21,CPD,940060,PARK/STAND ON BICYCLE PATH,9702445,IL,PAS,806 E OAKDWOOD BLVD,806 E OAKWOOD BLVD,Chicago,IL, 
U, ,0,0,592,52623041,7/19/07 0:00,2007,21,CPD,940060,PARK/STAND ON BICYCLE PATH,0,IL,ENV,808 E OAKDWOOD BLVD,808 E OAKWOOD BLVD,Chicago,IL, 
U, ,0,0,593,52623042,7/19/07 0:00,2007,21,CPD,940060,PARK/STAND ON BICYCLE PATH,9590619,IL,PAS,810 E OAKDWOOD BLVD,810 E OAKWOOD BLVD,Chicago,IL, 
U, ,0,0,594,52623043,7/19/07 0:00,2007,21,CPD,940060,PARK/STAND ON BICYCLE PATH,0,IL,TRK,810 E OAKDWOOD BLVD,810 E OAKWOOD BLVD,Chicago,IL, 
U, ,0,0,192,50279310,6/7/06 0:00,2006,4,CPD,940060,PARK/STAND ON BICYCLE PATH,0,IN,PAS,8122 S SHORE DR,8122 SOUTH SHORE DR,Chicago,IL, 
U, ,0,0,300,50423584,7/15/06 0:00,2006,4,CPD,940060,PARK/STAND ON BICYCLE PATH,0,IL,TMP,8145 S SHORE DR,8145 SOUTH SHORE DR,Chicago,IL, 
U, ,0,0,6188,65222755,12/19/14 0:00,2014,6,CPD,940060,PARK/STAND ON BICYCLE PATH,0,IL,PAS,8215 S SHORE DR,8215 SOUTH SHORE DR,Chicago,IL, 
U, ,0,0,1492,64701373,2/7/15 0:00,2015,4,CPD,940060,PARK/STAND ON BICYCLE PATH,0,IL,PAS,8230 S SHORE DR,8230 SOUTH SHORE DR,Chicago,IL, 
U, ,0,0,5429,63487354,9/21/13 0:00,2013,2,CPD,940060,PARK/STAND ON BICYCLE PATH,0,IL,PAS,830 E OAKWODO,830 E OAKWOOD,Chicago,IL, 
U, ,0,0,5046,61227846,3/2/12 0:00,2012,6,CPD,940060,PARK/STAND ON BICYCLE PATH,0,IL,PAS,8424 S COTTAGE,8424 S COTTAGE,Chicago,IL, 
U, ,0,0,3722,63561268,2/6/14 0:00,2014,4,CPD,940060,PARK/STAND ON BICYCLE PATH,6907209,IL,PAS,8458 S LAKESHORE DR,8458 S LAKESHORE DR,Chicago,IL, 
U, ,0,0,3832,64380409,3/10/14 0:00,2014,6,CPD,940060,PARK/STAND ON BICYCLE PATH,0,IL,PAS,8551 S VINCENENS,8551 S VINCENNES,Chicago,IL, 
U, ,0,0,3840,64380413,3/13/14 0:00,2014,6,CPD,940060,PARK/STAND ON BICYCLE PATH,0,IL,PAS,8551 S VINCENENS,8551 S VINCENNES,Chicago,IL, 
U, ,0,0,4239,65895089,6/3/15 0:00,2015,6,CPD,940060,PARK/STAND ON BICYCLE PATH,0,IL,PAS,8551 S VINCENENS,8551 S VINCENNES,Chicago,IL, 
U, ,0,0,15,49511680,1/22/06 0:00,2006,13,CPD,940060,PARK/STAND ON BICYCLE PATH,5604197,IL,PAS,869 N MILWAUKEE,869 N MILWAUKEE,Chicago,IL, 
U, ,0,0,6869,67094514,5/17/16 0:00,2016,6,CPD,940060,PARK/STAND ON BICYCLE PATH,0,IL,PAS,8700 S SUMMIT,8700 S SUMMIT,Chicago,IL, 
U, ,0,0,214,47795655,6/25/06 0:00,2006,1,CPD,940060,PARK/STAND ON BICYCLE PATH,5983940,IL,PAS,900 S COLUMBUS-,900 S COLUMBUS,Chicago,IL, 
U, ,0,0,4982,59836285,7/19/11 0:00,2011,23,CPD,940060,PARK/STAND ON BICYCLE PATH,0,IL,PAS,906 W LAWRACNE,906 W LAWRENCE,Chicago,IL, 
U, ,0,0,3476,62637762,5/29/13 0:00,2013,2,CPD,940060,PARK/STAND ON BICYCLE PATH,0,IL,PAS,912 S DREXEL BLVD,912 S DREXEL BLVD,Chicago,IL, 
U, ,0,0,2343,54181110,2/22/08 0:00,2008,12,CPD,940060,PARK/STAND ON BICYCLE PATH,0,IL,PAS,913 W WASHINGOTN,913 W WASHINGTON,Chicago,IL, 
U, ,0,0,4637,67005565,6/24/16 0:00,2016,12,CPD,940060,PARK/STAND ON BICYCLE PATH,0,IL,PAS,914 N DAMENA VE,914 N DAMEN AVE,Chicago,IL, 
U, ,0,0,3931,64513707,4/10/14 0:00,2014,22,CPD,940060,PARK/STAND ON BICYCLE PATH,0,IL,PAS,9148 S VINCENENS,9148 S VINCENNES,Chicago,IL, 
U, ,0,0,3027,58467688,8/18/10 0:00,2010,23,CPD,940060,PARK/STAND ON BICYCLE PATH,0,IL,PAS,92 W WILSON,92 W WILSON,Chicago,IL, 
U, ,0,0,1041,55108602,7/15/08 0:00,2008,18,CPD,940060,PARK/STAND ON BICYCLE PATH,9628780,IL,TRK,920 N LSD,920 N LAKE SHORE DRIVE,Chicago,IL, 
U, ,0,0,4834,67193416,8/31/16 0:00,2016,12,CPD,940060,PARK/STAND ON BICYCLE PATH,0,IL,PAS,936 W HUBBAR,936 W HUBBARD,Chicago,IL, 
U, ,0,0,5852,64604664,6/5/14 0:00,2014,5,CPD,940060,PARK/STAND ON BICYCLE PATH,0,IL,PAS,939 E 132ND ST,939 E 132ND ST,Chicago,IL, 
U, ,0,0,5893,64604663,6/5/14 0:00,2014,5,CPD,940060,PARK/STAND ON BICYCLE PATH,0,IL,PAS,939 E 132ND ST,939 E 132ND ST,Chicago,IL, 
U, ,0,0,3318,61125395,7/4/12 0:00,2012,13,CPD,940060,PARK/STAND ON BICYCLE PATH,0,IL,PAS,943 N ELSOTN,943 N ELSTON,Chicago,IL, 
U, ,0,0,548,52244044,5/25/07 0:00,2007,12,CPD,940060,PARK/STAND ON BICYCLE PATH,164429,IL,ENV,951 W WASHIGNTON,951 W WASHINGTON,Chicago,IL, 